Group,SAP Material 
P6520522,20588748
P6520142,20588770
P6520139,20588773
P6520138,20588774
P6520125,20588393
P6520119,20588398
P6520118,20588399
P6520117,20588400
P6520104,20588410
P6520062,20588416
P6520061,20588417
P6521723,20588447
P6520001,20588461
P6520204,20588462
P6520425,20588474
P6520424,20588475
P6520193,20588871
P6520191,20588873
P6520504,20588918
P6520579,20588919
P6520503,20588920
P6520500,20588947
P6520501,20588948
P6520502,20588949
P6520364,20588966
P6520581,20590713
P6520608,20590733
P6520633,20590751
P6520827,20589817
P6520743,20589838
P6520744,20589839
P6520745,20589840
P6520702,20589843
P6520701,20589844
P6520838,20589993
P6520767,20589998
P6520839,20590788
P6520954,20590033
P6521090,20590935
P6521091,20590936
P6521092,20590937
P6521037,20590948
P6521191,20590383
P6521192,20590384
P6521189,20590385
P6521190,20590386
P6520358,20591217
P6520340,20590408
P6520334,20590412
P6520330,20590414
P6520329,20590415
P6520328,20590416
P6520027,20590547
P6521659,20591345
P6520222,20591346
P6520450,20591379
P6520449,20591380
P6520465,20591382
P6520446,20591383
P6520445,20591384
P6520444,20591386
P6520395,20590614
P6520396,20590615
P6520406,20591549
P6520470,20591551
P6520408,70403095
P6520409,20590919
P6520468,20590923
P6520410,20590924
P6520414,20591817
P522CA03,70405609
P522CA03,20588867
P522CA03,20588868
P522CL01,20592191
P522CL01,20592057
P522CL01,20592070
P522CL01,20592173
P522CL01,20592180
P522CL01,20592198
P522CL01,20592205
P522CL01,20592189
P522CL01,20592190
P522CL01,20592194
P522CL01,20592207
P522CL01,20592210
P522CL01,20592208
P522CL01,20592197
P522CL01,20592204
P522CL01,20592209
P522CL01,20592188
P522CL01,20592053
P522CL01,20592058
P522CL01,20592069
P522CL01,20592071
P522CL01,20592170
P522CL01,20592171
P522CL01,20592202
P522CL01,20592217
P522CL05,20592022
P522CL07,20591702
P522LS02,70403338
P522LS02,70405144
P522LS02,20589438
P522LS02,20589456
P522LS02,20588672
P522LS02,20588779
P522LS02,20589677
P522LS02,20589705
P522LS02,20589054
P522LS02,70405763
P522LS02,20589072
P522LS02,20589097
P522LS02,20589856
P522LS02,20589870
P522LS02,20589880
P522LS02,20589127
P522LS02,20589131
P522LS02,20589133
P522LS02,20589139
P522LS02,20589143
P522LS02,20589144
P522LS02,20589195
P522LS02,20589198
P522LS02,20589209
P522LS02,70403611
P522LS02,20589219
P522LS02,20589229
P522LS02,20589230
P522LS02,20589231
P522LS02,20589232
P522LS02,20589234
P522LS02,20589235
P522LS02,20589947
P522LS02,20590063
P522LS02,20590068
P522LS02,20590080
P522LS02,20590081
P522LS02,20569217
P522LS02,20590101
P522LS02,20590102
P522LS02,20590103
P522LS02,20590107
P522LS02,20590108
P522LS02,20590110
P522LS02,20590112
P522LS02,20590115
P522LS02,20590116
P522LS02,20590118
P522LS02,20590125
P522LS02,20590129
P522LS02,20590130
P522LS02,20590235
P522LS02,20590236
P522LS02,20590239
P522LS02,20589246
P522LS02,20589252
P522LS02,20589256
P522LS02,20589262
P522LS02,20589263
P522LS02,20589270
P522LS02,20589271
P522LS02,20589318
P522LS02,20589320
P522LS02,20589321
P522LS02,20589322
P522LS02,20589324
P522LS02,20589325
P522LS02,20589329
P522LS02,70406023
P522LS02,20589337
P522LS02,20589340
P522LS02,20589342
P522LS02,20589343
P522LS02,20589344
P522LS02,20589350
P522LS02,20589354
P522LS02,20589355
P522LS02,20589356
P522LS02,20589366
P522LS02,20589370
P522LS02,20589371
P522LS02,20590244
P522LS02,20590251
P522LS02,20590254
P522LS02,20590259
P522LS02,20590263
P522LS02,70403652
P522LS02,20590268
P522LS02,20590269
P522LS02,20590271
P522LS02,20590272
P522LS02,20590310
P522LS02,20590313
P522LS02,20590431
P522LS02,20590434
P522LS02,20590436
P522LS02,20590437
P522LS02,20589392
P522LS03,20588505
P522LS03,20588510
P522LS03,20591033
P522LS04,20588504
P522LS04,20588507
P522LS04,20591030
P522LS08,20589480
P522LS08,70407148
P522LS08,20589578
P522LS08,20589029
P522LS08,20589030
P522LS08,20589031
P522LS08,70403750
P522LS08,20589937
P522LS08,20589336
P522LS08,70406662
P522LS08,20592025
P522LS08,20592265
P522LS09,20588786
P522LS09,20590306
P522LS09,20591463
P522LS09,20592088
P522LS09,20591805
P522LS10,20589541
P522LS10,70406652
P522LS10,70403311
P522LS10,70407303
P522LS10,70406653
P522LS10,70404818
P522LS10,70406654
P522LS10,20591939
P522LS10,20591940
P522LS10,20591952
P522LS10,20591961
P522LS10,20591980
P522LS10,20591981
P522LS10,20591991
P522LS10,20591272
P522LS10,20591485
P522LS10,20591486
P522LS10,20591487
P522LS10,70406782
P522LS14,20589242
P522LS20,20589267
P522LS20,20591231
P522LS26,20591726
P522LS35,20591309
P522LS36,20591949
P522LS36,20591476
P522LS36,20592032
P522LS36,20591509
P522LS37,20591950
P522LS38,20591969
P522LS39,20591982
P522LS41,20592001
P522LS43,20592095
P522LS43,20592096
P522LS44,20592099
P522LS44,20591504
P522LS45,20591502
P522LS47,20592370
P522LS48,20592374
P522LS56,20588783
P522LS56,20588837
P522LS56,20589492
P522LS56,20589542
P522LS56,20589021
P522LS56,20589736
P522LS56,20589055
P522LS56,20589101
P522LS56,20589885
P522LS56,20589909
P522LS56,20589924
P522LS56,20589943
P522LS56,20589125
P522LS56,20589191
P522LS56,20589192
P522LS56,20589204
P522LS56,20589212
P522LS56,20589241
P522LS56,20589243
P522LS56,20590057
P522LS56,20590064
P522LS56,20590066
P522LS56,20590067
P522LS56,20590069
P522LS56,20590070
P522LS56,20590071
P522LS56,20590078
P522LS56,20590082
P522LS56,20590085
P522LS56,20515389
P522LS56,20590104
P522LS56,20590105
P522LS56,20590111
P522LS56,20590121
P522LS56,20590123
P522LS56,20590126
P522LS56,20590127
P522LS56,20590131
P522LS56,20590237
P522LS56,20589248
P522LS56,20589255
P522LS56,20589257
P522LS56,20589258
P522LS56,20589265
P522LS56,20589328
P522LS56,20589330
P522LS56,20589352
P522LS56,20589353
P522LS56,20589368
P522LS56,20589374
P522LS56,20590256
P522LS56,20590262
P522LS56,20590266
P522LS56,20590286
P522LS56,20590289
P522LS56,20590290
P522LS56,20590293
P522LS56,20590300
P522LS56,20590301
P522LS56,20590309
P522LS56,20590314
P522LS56,20590315
P522LS56,20590319
P522LS56,20590320
P522LS56,20590321
P522LS56,20590322
P522LS56,20590435
P522LS56,20589378
P522LS56,20589388
P522LS56,20589398
P522LS56,20589407
P522LS56,20589408
P522LS56,20589410
P522LS56,20589413
P522LS56,20589588
P522LS56,20589590
P522LS56,20589594
P522LS56,20589598
P522LS56,20589599
P522LS56,20589601
P522LS56,20589613
P522LS56,20589614
P522LS56,20589618
P522LS56,20589623
P522LS56,20589629
P522LS56,20589632
P522LS56,20590443
P522LS56,20590444
P522LS56,20590445
P522LS56,20590458
P522LS56,20590459
P522LS56,20590460
P522LS56,20590462
P522LS56,20590466
P522LS56,20591049
P522LS56,20591050
P522LS60,20591671
P522LS60,20592141
P522LS60,20588784
P522LS60,20588814
P522LS60,20588788
P522LS60,20588533
P522LS60,20589052
P522LS60,20589126
P522LS60,20589381
P522LS60,20589387
P522LS60,20589648
P522LS60,20589649
P522LS60,20591503
P522MP04,20588598
P522MP05,20591424
P522MP05,20592856
P522MP05,20592545
P522MP05,20593202
P522MP05,20593304
P522MP05,20593628
P522MP05,20593724
P522MP05,20593841
P522MP05,20593214
P522MP05,20594012
P522MP05,20594833
P522MP05,20594940
P522MP05,20594920
P522MP05,20594949
P522MP05,20594953
P522MP05,20594954
P522MP05,20594956
P522MP05,20594967
P522MP05,20594968
P522MP05,20594970
P522MP05,20594985
P522MP05,20594986
P522MP05,20594934
P522MP05,20595093
P522MP05,20595147
P522MP05,20595151
P522MP05,20595171
P522MP05,20595188
P522MP05,20501432
P522MP14,20594993
P522MP18,20592742
P522MP26,20594002
P522MP26,20594984
P522MP28,20594818
P522MP29,20594505
P522MP36,20377662
P522MP36,20377077
P522MP36,20123293
P522MP36,20377328
P522MP36,20502602
P522MP36,20121818
P522MP36,20123294
P522MP36,20377635
P522MP36,20593323
P522MP36,20378014
P522MP36,20319223
P522MP36,20502613
P522MP36,20502614
P522MP36,20502116
P522MP36,20502618
P522MP36,20123246
P522MP36,20123453
P522MP36,20593671
P522MP36,20592919
P522MP36,20593779
P522MP36,20592993
P522MP36,20592996
P522MP36,20592997
P522MP36,20592998
P522MP36,20593001
P522MP36,20593002
P522MP36,20593003
P522MP36,20593005
P522MP36,20593007
P522MP36,20593009
P522MP36,20593010
P522MP36,20593012
P522MP36,20593013
P522MP36,20593719
P522MP36,20593721
P522MP36,20593723
P522MP36,20593744
P522MP36,20593745
P522MP36,20593746
P522MP36,20593774
P522MP36,20593775
P522MP36,20593776
P522MP36,20593777
P522MP36,20593778
P522MP36,20593782
P522MP36,20593784
P522MP36,20593786
P522MP36,20593809
P522MP36,20593810
P522MP36,20593814
P522MP36,20593815
P522MP36,20593817
P522MP36,20593819
P522MP36,20593820
P522MP36,20593823
P522MP36,20593824
P522MP36,20593827
P522MP36,20593828
P522MP36,20593829
P522MP36,20593830
P522MP36,20593017
P522MP36,20593856
P522MP36,20593886
P522MP36,20593913
P522MP36,20593918
P522MP36,20593922
P522MP36,20593925
P522MP36,20593931
P522MP36,20593940
P522MP36,20593941
P522MP36,20141204
P522MP36,20593951
P522MP36,20593953
P522MP36,20122395
P522MP36,20593211
P522MP36,20593213
P522MP36,20593215
P522MP36,20593225
P522MP36,20593230
P522MP36,20593237
P522MP36,20593238
P522MP36,20593239
P522MP36,20593241
P522MP36,20593246
P522MP36,20593250
P522MP36,20593251
P522MP36,20593263
P522MP36,20593411
P522MP36,20593414
P522MP36,20593415
P522MP36,20594196
P522MP36,20594197
P522MP36,20594295
P522MP36,20594296
P522MP36,20594298
P522MP44,20594495
P522MP44,20595079
P522MP44,20594916
P522MP44,20594919
P522MP44,20594188
P522MP44,20594923
P522MP44,20594926
P522MP44,20594964
P522MP44,20594966
P522MP44,20595186
P522PB01,20589431
P522PB01,20589510
P522PB01,20588998
P522PB01,20589213
P522PB01,20589237
P522PB01,20589238
P522PB01,20591568
P522PB01,20591722
P522PB01,20591083
P522PB01,20591089
P522PB01,20591096
P522PB01,20591111
P522PB01,20591114
P522PB01,20591304
P522PB01,20591451
P522PB01,20592080
P522PB01,20592092
P522PB01,20592161
P522PB01,20591792
P522PB01,20592364
P522PB01,20592381
P522PB02,20589434
P522PB02,20501525
P522PB02,20591090
P522PB02,20591493
P522PB03,20588805
P522PB03,20591028
P522PB04,20589140
P522PB04,20592386
P522PB05,20590305
P522PB06,20591026
P522PB07,20592020
P522PB08,20592082
P522PB09,20592365
P522PB09,20592367
P522PB09,20589894
P522PB09,20590506
P522PB09,20589703
P522PB10,20591960
P522PB11,20592007
P522PB12,20591501
P522SD02,20589441
P522SD02,20589448
P522SD02,20589451
P522SD02,20589481
P522SD02,20588662
P522SD02,20588681
P522SD02,20588782
P522SD02,20588787
P522SD02,20588828
P522SD02,20589509
P522SD02,20589516
P522SD02,20589524
P522SD02,20589525
P522SD02,20589536
P522SD02,20589551
P522SD02,20589553
P522SD02,20589561
P522SD02,20589562
P522SD02,70403740
P522SD02,20588985
P522SD02,20588999
P522SD02,20499056
P522SD02,20589034
P522SD02,20589035
P522SD02,20589726
P522SD02,20589744
P522SD02,20589048
P522SD02,20589049
P522SD02,20589056
P522SD02,20589769
P522SD02,20589132
P522SD02,20589218
P522SD02,20589221
P522SD02,20589254
P522SD02,20589360
P522SD02,20590250
P522SD02,20590911
P522SD02,20559308
P522SD02,20590912
P522SD02,20578676
P522SD02,20590913
P522SD02,20590914
P522SD02,20590917
P522SD02,20590918
P522SD02,70404713
P522SD02,70406446
P522SD02,20421997
P522SD02,20591046
P522SD02,20591056
P522SD02,20591057
P522SD02,20591059
P522SD02,20591061
P522SD02,20591065
P522SD02,20591066
P522SD02,20591069
P522SD02,20591070
P522SD02,20591567
P522SD02,20591569
P522SD02,20591578
P522SD02,20591581
P522SD02,20591582
P522SD02,20591681
P522SD02,70404729
P522SD02,20591684
P522SD02,20591707
P522SD02,20591708
P522SD02,20591714
P522SD02,20591717
P522SD02,20591718
P522SD02,20591724
P522SD02,20591725
P522SD02,20591728
P522SD02,20591731
P522SD02,20591732
P522SD02,20591734
P522SD02,20591739
P522SD02,20591740
P522SD02,20501561
P522SD02,20591741
P522SD02,20591076
P522SD02,20591077
P522SD02,20591078
P522SD02,20591080
P522SD02,20591091
P522SD02,20591092
P522SD02,20591093
P522SD02,20591094
P522SD02,20591112
P522SD02,20591115
P522SD02,20591116
P522SD02,20591118
P522SD02,20591223
P522SD02,20591225
P522SD02,20591226
P522SD02,20591229
P522SD02,20501577
P522SD02,70403525
P522SD02,20591237
P522SD03,20588669
P522SD04,20588793
P522SD04,20589571
P522SD04,20589036
P522SD04,20589747
P522SD04,20590060
P522SD04,20589245
P522SD04,20591067
P522SD04,20591068
P522SD04,20591573
P522SD04,20591574
P522SD04,20591685
P522SD04,20591257
P522SD04,20591259
P522SD04,20591260
P522SD04,20591261
P522SD04,20591263
P522SD04,20591265
P522SD04,20591266
P522SD04,20591267
P522SD04,20591744
P522SD04,20591745
P522SD04,20591753
P522SD04,20591754
P522SD04,20591755
P522SD04,20591756
P522SD04,20591760
P522SD04,20592158
P522SD04,20592168
P522SD04,20591656
P522SD04,20591780
P522SD06,20589233
P522SD06,20590910
P522SD06,70406546
P522SD09,20591775
P522SD10,20501625
P522SD11,20591238
P522SD11,20591239
P522SD11,20591240
P522SD11,20591241
P522SD11,20591242
P522SD11,70403969
P522SD11,20591243
P522SD11,20591244
P522SD11,70404757
P522SD11,70406532
P522SD11,20591245
P522SD11,20591246
P522SD11,20591247
P522SD11,20591248
P522SD11,20591249
P522SD11,20591250
P522SD11,20591251
P522SD11,20591252
P522SD11,20591253
P522SD11,20591255
P522SD11,20591256
P522SD11,20591258
P522SD11,20591262
P522SD11,20591264
P522SD11,20582702
P522SD11,20591269
P522SD11,20591743
P522SD11,20591746
P522SD11,20591747
P522SD11,20591748
P522SD11,20591749
P522SD11,20591750
P522SD11,20591751
P522SD11,20591752
P522SD11,20591757
P522SD11,20591758
P522SD11,20591759
P522SD11,20591761
P522SD11,70406550
P522SD11,20591763
P522SD11,20591764
P522SD11,20591765
P522SD11,20591766
P522SD11,20591767
P522SD11,20591768
P522SD11,20591769
P522SD11,20591770
P522SD11,20591771
P522SD11,20592010
P522SD11,20473078
P522SD11,20578668
P522SD11,20591510
P522SD11,20591511
P522SD11,70404913
P522SD11,20591522
P522SD11,20591524
P522SD11,20591527
P522SD11,20591531
P522SD11,20591540
P522SD11,20591604
P522SD11,20591618
P522SD11,20591623
P522SD11,20591625
P522SD11,20591631
P522SD11,20592127
P522SD11,20578677
P522SD11,20501589
P522SD11,20592160
P522SD11,70406898
P522SD11,20592164
P522SD11,20592165
P522SD11,70404942
P522SD11,20591640
P522SD11,20591644
P522SD11,20523060
P522SD11,20591650
P522SD11,70406966
P522SD12,20589935
P522SD12,20589123
P522SD12,20589161
P522SD12,20589164
P522SD12,20590056
P522SD12,20589244
P522SD12,20589369
P522SD12,20590240
P522SD12,20590317
P522SD12,20590324
P522SD12,20589379
P522SD12,20589385
P522SD12,20589386
P522SD12,20589389
P522SD12,20589397
P522SD12,20589401
P522SD12,20589402
P522SD12,20589403
P522SD12,20589404
P522SD12,20589586
P522SD12,20590480
P522SD12,20591575
P522SD12,20591221
P522SD12,20591268
P522SD13,20588804
P522SD13,20589554
P522SD13,20589915
P522SD13,20590291
P522SD13,20589382
P522SD13,20589600
P522SD13,20590479
P522SD13,20590487
P522SD13,20590495
P522SD13,20590500
P522SD13,20588491
P522SD13,20588492
P522SD13,20588797
P522SD13,20589761
P522SD13,20589059
P522SD13,20589096
P522SD13,20589874
P522SD13,20589346
P522SD13,20589358
P522SD13,20589383
P522SD13,20589384
P522SD13,20590672
P522SD13,20589637
P522SD13,20589643
P522SD13,20589654
P522SD13,20589702
P522SD13,20589552
P522SD13,20589750
P522SD13,20589692
P522SD13,20590261
P522SD13,20589646
P962ROH1,20591888
P962ROH1,20591892
P962ROH1,20592768
P962ROH1,20592774
P962ROH1,20592778
P962ROH1,20592804
P962ROH1,20592912
P962ROH1,20594244
P962ROH1,20592961
P524BL01,20589932
P524BL01,20588684
P524BL01,20372870
P524BL01,20573437
P524BL01,20588977
P524BL01,20589046
P524BL01,20589047
P524BL01,20589145
P524BL01,20589240
P524BL01,20590051
P524BL01,20590055
P524BL01,20591421
P524BL01,20591426
P524BL01,20591428
P524BL01,20591430
P524BL01,20591431
P524BL01,20591432
P524BL01,20591433
P524BL01,20592228
P524BL01,20592492
P524BL01,20594094
P524BL01,20594095
P524BL01,20593367
P524BL01,20595246
P524BL01,20589757
P524DR01,20589559
P524DR01,20589576
P524DR01,20589105
P524DR01,20589210
P524DR01,20589224
P524DR01,20589228
P524DR01,20589239
P524DR01,20590099
P524DR01,20594022
P524DR01,20503271
P524DR01,20372610
P524DR01,20594039
P524DR01,20594077
P524DR01,20594079
P524DR01,20372565
P524DR01,20594080
P524DR01,20594081
P524DR01,20594083
P524DR01,20594092
P524DR01,20594096
P524DR01,20594100
P524DR01,20594102
P524DR01,20594104
P524DR01,20593365
P524DR01,20595090
P524DR01,20595091
P524DR01,20595092
P524DR01,20501009
P524BL01,20590054
P524BL01,20594024
P524DR01,20589560
P524DR01,20594028
P524BL01,20589372
P524BL01,20589622
P524BL01,20590450
P524BL01,20590449
P524DR01,20594026
P524DR01,20594027
P524BL01,20590308
P524DR01,20594082
P524BL01,20590062
P524BL01,20590503
P524BL01,20590502
P524BL01,20589611
P524BL01,20588796
P524BL01,20590441
P524BL01,20594025
P524BL01,20590463
P520_AE,20588554
P520_AE,20588744
P520_AEN,20588629
P520_COL,20588655
P520_GLU,20589612
P520_GLU,20588855
P520_GLU,20589082
P520_GLU,20589088
P520_GLU,20589107
P520_GLU,20589117
P520_GLU,20589895
P520_GLU,20589896
P520_GLU,20589900
P520_GLU,20589902
P520_GLU,20589150
P520_GLU,20589154
P520_GLU,20589156
P520_GLU,20589158
P520_GLU,20589190
P520_GLU,20590245
P520_GLU,20590246
P520_GLU,20590275
P520_GLU,20592162
P520_GLU,20592244
P520_GLU,20590303
P520_GLU,20589604
P520_GLU,20589375
P520_GLU,20589395
P520_GLU,20589607
P520_GLU,20589391
P520_GLU,20589608
P520_GLU,20590493
P520_GLU,20590442
P520_GLU,20589602
P520_GLU,20590439
P520_GLU,20589631
P520_GLU,20590438
P520_GLU,20589860
P520_GLU,20589597
P520_GLU,20589609
P520_GLU,20589605
P520_GLU,20589390
P520_GLU,#N/A
P520_MIC,20589458
P520_MIC,20589083
P520_SOL,20589428
P520_SOL,20589489
P520_SOL,20589518
P520_SOL,20591830
P520_SOL,20590264
P520_SOL,20589862
P520_SOL,20589853
P520_SUD,20588548
P520_YMM,20588803
P520_YMM,20588976
P520_YMM,20588978
P520_YMM,20588979
P520_YMM,20588980
P520_YMM,20588982
P520_YMM,20588990
P520_YMM,20588991
P520_YMM,20588992
P520_YMM,20589941
P520_YMM,20589277
P520_YMM,20591609
P520_YMM,20591610
P520_YMM,20591654
P520_YMM,20591828
P520_YMM,20589581
P520_YMM,20592254
P520_YMM,20589939
P520ACDM,#N/A
P520DARE,20589538
P520FGMG,20589206
P520FMIC,20591840
P520FSOR,20589625
P520FSOR,20589624
P520GMI1,20589920
P520GMIC,20588789
P520HUN2,20589326
P520HUN2,20592498
P520HUNT,20592411
P520MICM,20591842
P520MICM,20591846
P520MICM,20589940
P520MODF,20589713
P520MODF,20589041
P520MODF,20589042
P520MODF,20589208
P520MODF,20589222
P520MODF,20589349
P520MODF,20592412
P520MODF,20588973
P520MODF,20589595
P520MODF,20589596
P520MODF,20592392
P520MSAG,20589619
P520MYMM,20589715
P520SOL2,20589429
P520SOL2,20589327
P520SOL2,20591605
P520SOL2,20592140
P520SOL2,20591788
P520SOL2,20592413
P520SOL2,20592491
P520SOLB,20589502
P520VIN2,20590238
P520VING,20591825